SRP001	103	103	docs/site/rules/python/srp.md
SRP002	104	104	docs/site/rules/python/srp.md
SRP003	105	105	docs/site/rules/python/srp.md
SRP004	106	106	docs/site/rules/python/srp.md
SRP005	107	107	docs/site/rules/python/srp.md
SRP006	108	108	docs/site/rules/python/srp.md
SRP007	109	109	docs/site/rules/python/srp.md
SRP008	110	110	docs/site/rules/python/srp.md
SRP009	111	111	docs/site/rules/python/srp.md
SRP010	112	112	docs/site/rules/python/srp.md
SRP011	113	113	docs/site/rules/python/srp.md
KISS001	121	121	docs/site/rules/python/kiss.md
KISS002	122	122	docs/site/rules/python/kiss.md
KISS003	123	123	docs/site/rules/python/kiss.md
KISS004	124	124	docs/site/rules/python/kiss.md
KISS005	125	125	docs/site/rules/python/kiss.md
KISS006	126	126	docs/site/rules/python/kiss.md
KISS007	127	127	docs/site/rules/python/kiss.md
KISS008	128	128	docs/site/rules/python/kiss.md
KISS009	129	129	docs/site/rules/python/kiss.md
CQS001	137	137	docs/site/rules/python/cqs.md
CQS002	138	138	docs/site/rules/python/cqs.md
CQS003	139	139	docs/site/rules/python/cqs.md
POLA001	147	147	docs/site/rules/python/pola.md
POLA002	148	148	docs/site/rules/python/pola.md
POLA003	149	149	docs/site/rules/python/pola.md
POLA004	150	150	docs/site/rules/python/pola.md
POLA005	151	151	docs/site/rules/python/pola.md
POLA006	152	152	docs/site/rules/python/pola.md
POLA007	153	153	docs/site/rules/python/pola.md
POLA008	154	154	docs/site/rules/python/pola.md
POLA009	155	155	docs/site/rules/python/pola.md
COUP001	163	163	docs/site/rules/python/coup.md
COUP002	164	164	docs/site/rules/python/coup.md
COUP003	165	165	docs/site/rules/python/coup.md
COUP004	166	166	docs/site/rules/python/coup.md
COUP005	167	167	docs/site/rules/python/coup.md
COUP006	168	168	docs/site/rules/python/coup.md
COUP007	169	169	docs/site/rules/python/coup.md
COUP008	170	170	docs/site/rules/python/coup.md
CONTRACT001	178	178	docs/site/rules/python/contract.md
CONTRACT002	179	179	docs/site/rules/python/contract.md
CONTRACT003	180	180	docs/site/rules/python/contract.md
CONTRACT004	181	181	docs/site/rules/python/contract.md
CONTRACT005	182	182	docs/site/rules/python/contract.md
CONTRACT006	183	183	docs/site/rules/python/contract.md
CONTRACT007	184	184	docs/site/rules/python/contract.md
CONTRACT008	185	185	docs/site/rules/python/contract.md
CONTRACT009	186	186	docs/site/rules/python/contract.md
CONTRACT010	187	187	docs/site/rules/python/contract.md
STATE001	195	195	docs/site/rules/python/state.md
STATE002	196	196	docs/site/rules/python/state.md
STATE003	197	197	docs/site/rules/python/state.md
STATE004	198	198	docs/site/rules/python/state.md
STATE005	199	199	docs/site/rules/python/state.md
STATE006	200	200	docs/site/rules/python/state.md
STATE007	201	201	docs/site/rules/python/state.md
STATE008	202	202	docs/site/rules/python/state.md
STATE009	203	203	docs/site/rules/python/state.md
STATE010	204	204	docs/site/rules/python/state.md
STATE011	205	205	docs/site/rules/python/state.md
STATE012	206	206	docs/site/rules/python/state.md
STATE013	207	207	docs/site/rules/python/state.md
STATE014	208	208	docs/site/rules/python/state.md
STATE015	209	209	docs/site/rules/python/state.md
STATE016	210	210	docs/site/rules/python/state.md
STATE017	211	211	docs/site/rules/python/state.md
STATE018	212	212	docs/site/rules/python/state.md
STATE019	213	213	docs/site/rules/python/state.md
STATE020	214	214	docs/site/rules/python/state.md
LIFE001	222	222	docs/site/rules/python/life.md
LIFE002	223	223	docs/site/rules/python/life.md
LIFE003	224	224	docs/site/rules/python/life.md
LIFE004	225	225	docs/site/rules/python/life.md
LIFE005	226	226	docs/site/rules/python/life.md
LIFE006	227	227	docs/site/rules/python/life.md
LIFE007	228	228	docs/site/rules/python/life.md
LIFE008	229	229	docs/site/rules/python/life.md
LIFE009	230	230	docs/site/rules/python/life.md
LIFE010	231	231	docs/site/rules/python/life.md
LIFE011	232	232	docs/site/rules/python/life.md
LIFE012	233	233	docs/site/rules/python/life.md
LIFE013	234	234	docs/site/rules/python/life.md
LIFE014	235	235	docs/site/rules/python/life.md
LIFE015	236	236	docs/site/rules/python/life.md
LIFE016	237	237	docs/site/rules/python/life.md
LIFE017	238	238	docs/site/rules/python/life.md
FAIL001	246	246	docs/site/rules/python/fail.md
FAIL002	247	247	docs/site/rules/python/fail.md
FAIL003	248	248	docs/site/rules/python/fail.md
FAIL004	249	249	docs/site/rules/python/fail.md
FAIL005	250	250	docs/site/rules/python/fail.md
FAIL006	251	251	docs/site/rules/python/fail.md
FAIL007	252	252	docs/site/rules/python/fail.md
FAIL008	253	253	docs/site/rules/python/fail.md
FAIL009	254	254	docs/site/rules/python/fail.md
FAIL010	255	255	docs/site/rules/python/fail.md
FAIL011	256	256	docs/site/rules/python/fail.md
FAIL012	257	257	docs/site/rules/python/fail.md
FAIL013	258	258	docs/site/rules/python/fail.md
FAIL014	259	259	docs/site/rules/python/fail.md
FAIL015	260	260	docs/site/rules/python/fail.md
CONC001	268	268	docs/site/rules/python/conc.md
CONC002	269	269	docs/site/rules/python/conc.md
CONC003	270	270	docs/site/rules/python/conc.md
CONC004	271	271	docs/site/rules/python/conc.md
CONC005	272	272	docs/site/rules/python/conc.md
CONC006	273	273	docs/site/rules/python/conc.md
CONC007	274	274	docs/site/rules/python/conc.md
CONC008	275	275	docs/site/rules/python/conc.md
CONC009	276	276	docs/site/rules/python/conc.md
CONC010	277	277	docs/site/rules/python/conc.md
CONC011	278	278	docs/site/rules/python/conc.md
CONC012	279	279	docs/site/rules/python/conc.md
IDIOM001	287	287	docs/site/rules/python/idiom.md
IDIOM002	288	288	docs/site/rules/python/idiom.md
IDIOM003	289	289	docs/site/rules/python/idiom.md
IDIOM004	290	290	docs/site/rules/python/idiom.md
IDIOM005	291	291	docs/site/rules/python/idiom.md
IDIOM006	292	292	docs/site/rules/python/idiom.md
IDIOM007	293	293	docs/site/rules/python/idiom.md
IDIOM008	294	294	docs/site/rules/python/idiom.md
IDIOM009	295	295	docs/site/rules/python/idiom.md
IDIOM010	296	296	docs/site/rules/python/idiom.md
IDIOM011	297	297	docs/site/rules/python/idiom.md
IDIOM012	298	298	docs/site/rules/python/idiom.md
IDIOM013	299	299	docs/site/rules/python/idiom.md
IDIOM014	300	300	docs/site/rules/python/idiom.md
IDIOM015	301	301	docs/site/rules/python/idiom.md
IDIOM016	302	302	docs/site/rules/python/idiom.md
NIT001	310	310	docs/site/rules/python/nit.md
NIT002	311	311	docs/site/rules/python/nit.md
NIT003	312	312	docs/site/rules/python/nit.md
NIT004	313	313	docs/site/rules/python/nit.md
NIT005	314	314	docs/site/rules/python/nit.md
NIT006	315	315	docs/site/rules/python/nit.md
NIT007	316	316	docs/site/rules/python/nit.md
NIT008	317	317	docs/site/rules/python/nit.md
NIT009	318	318	docs/site/rules/python/nit.md
NIT010	319	319	docs/site/rules/python/nit.md
NIT011	320	320	docs/site/rules/python/nit.md
NIT012	321	321	docs/site/rules/python/nit.md
NIT013	322	322	docs/site/rules/python/nit.md
NIT014	323	323	docs/site/rules/python/nit.md
NIT015	324	324	docs/site/rules/python/nit.md
NIT016	325	325	docs/site/rules/python/nit.md
NIT017	326	326	docs/site/rules/python/nit.md
NIT018	327	327	docs/site/rules/python/nit.md
NIT019	328	328	docs/site/rules/python/nit.md
NIT020	329	329	docs/site/rules/python/nit.md
NIT021	330	330	docs/site/rules/python/nit.md
NIT022	331	331	docs/site/rules/python/nit.md
NIT023	332	332	docs/site/rules/python/nit.md
NIT024	333	333	docs/site/rules/python/nit.md
DRY001	341	341	docs/site/rules/python/dry.md
DRY002	342	342	docs/site/rules/python/dry.md
DRY003	343	343	docs/site/rules/python/dry.md
DRY004	344	344	docs/site/rules/python/dry.md
